!|7|9|398|999999|199901|3|0|R|0|8|100.0|LOS LIMONES|
!|7|9|399|999999|199901|3|0|R|0|3|100.0|SANTA CECILIA|
!|7|9|403|999999|199901|3|0|R|0|4|100.0|EL COBANO|
!|7|9|404|999999|199901|3|0|R|0|2|100.0|LA GUADALUPE (SOLO DIOS)|
!|7|9|405|999999|199901|3|0|R|0|222|100.0|NUEVO PROGRESO (ABSALON CASTELLANOS DOMINGUEZ)|
!|7|9|406|999999|199901|3|0|R|0|2|100.0|SAN ANGEL|
!|7|9|408|999999|199901|3|0|R|0|10|100.0|SAN FRANCISCO|
!|7|9|409|999999|199901|3|0|R|0|0|100.0|EL BOSQUE DOS|
!|7|9|410|999999|199901|3|0|R|0|3|100.0|EL MANGO|
!|7|9|411|999999|199901|3|0|R|0|0|100.0|SAN JOSE|
!|7|9|412|999999|199901|3|0|R|0|0|100.0|EL HORMIGUERO|
!|7|9|413|999999|199901|3|0|R|0|6|100.0|LAS HILDAS|
!|7|9|414|999999|199901|3|0|R|0|3|100.0|LOS ANGELES|
!|7|9|415|999999|199901|3|0|R|0|0|100.0|EL CAMARON|
!|7|9|416|999999|199901|3|0|R|0|2|100.0|LOS MANGOS DOS|
!|7|9|417|999999|199901|3|0|R|0|0|100.0|LAS PALMITAS|
!|7|9|418|999999|199901|3|0|R|0|10|100.0|LAS NARANJITAS|
!|7|9|419|999999|199901|3|0|R|0|0|100.0|LAS MERCEDES|
!|7|9|420|999999|199901|3|0|R|0|6|100.0|LA ESMERALDA DOS|
!|7|9|421|999999|199901|3|0|R|0|11|100.0|OJO DE AGUA|
!|7|9|422|999999|199901|3|0|R|0|0|100.0|EL ROBLE|
!|7|9|423|999999|199901|3|0|R|0|3|100.0|EL FAISAN|
!|7|9|424|999999|199901|3|0|R|0|0|100.0|POZA GALANA|
!|7|9|425|999999|199901|3|0|R|0|0|100.0|LAS MONEDAS|
!|7|9|426|999999|199901|3|0|R|0|0|100.0|LA ESMERALDA|
!|7|9|427|999999|200502|3|0|R|0|0|100.0|LA PIEDRONA|
!|7|9|428|999999|199901|3|0|R|0|2|100.0|RINCON GUAYABO|
!|7|9|429|999999|199901|3|0|R|0|67|100.0|EL TESORO|
!|7|9|431|999999|199901|3|0|R|0|2|100.0|LOS ARREOLAS|
!|7|9|436|999999|199901|3|0|R|0|3|100.0|LA CEIBA|
!|7|9|438|999999|199901|3|0|R|0|2|100.0|LAS DELICIAS|
!|7|9|439|999999|199901|3|0|R|0|4|100.0|EL BRILLANTE|
!|7|9|440|999999|199901|3|0|R|0|7|100.0|SAN VICENTE|
!|7|9|441|999999|199901|3|0|R|0|7|100.0|LAS FLORES|
!|7|9|442|999999|199901|3|0|R|0|2|100.0|LA NUEVA REFORMA|
!|7|9|443|999999|199901|3|0|R|0|2|100.0|EL RECUERDO|
!|7|9|444|999999|199901|3|0|R|0|2|100.0|LA PROVIDENCIA|
!|7|9|445|999999|199901|3|0|R|0|50|100.0|FRACCION LA ESPERANZA|
!|7|9|446|999999|199901|3|0|R|0|6|100.0|EMANUEL|
!|7|9|447|999999|199901|3|0|R|0|2|100.0|LA SALINERA|
!|7|9|449|999999|199901|3|0|R|0|3|100.0|EL LIRIO|
!|7|9|450|999999|199901|3|0|R|0|0|100.0|SIN NOMBRE (REY DAVID)|
!|7|9|451|999999|199901|3|0|R|0|0|100.0|EL PARAISO|
!|7|9|452|999999|199901|3|0|R|0|0|100.0|EL POLVORIN|
!|7|9|453|999999|199901|3|0|R|0|6|100.0|EL SAUCE|
!|7|9|454|999999|199901|3|0|R|0|5|100.0|SANTA LUCIA|
!|7|9|455|999999|199901|3|0|R|0|2|100.0|LOS COCOS|
!|7|9|456|999999|199901|3|0|R|0|3|100.0|VILLALINDA (EL MATOCHITO)|
!|7|9|457|999999|199901|3|0|R|0|12|100.0|EL DORADO|
!|7|9|458|999999|199901|3|0|R|0|4|100.0|NAYARIT|
!|7|9|460|999999|199901|3|0|R|0|2|100.0|CUBA|
!|7|9|461|999999|199901|3|0|R|0|6|100.0|LA HABANA|
!|7|9|463|999999|199901|3|0|R|0|0|100.0|EL VERGEL|
!|7|9|464|999999|199901|3|0|R|0|8|100.0|HAMBURGO|
!|7|9|465|999999|199901|3|0|R|0|10|100.0|EL REGADIO|
!|7|9|466|999999|199901|3|0|R|0|5|100.0|EL RECUERDO|
!|7|9|467|999999|199901|3|0|R|0|0|100.0|RANCHO BONITO|
!|7|9|468|999999|199901|3|0|R|0|51|100.0|AGRICOLA VEINTE DE NOVIEMBRE (LA MICA)|
!|7|9|469|999999|199901|3|0|R|0|0|100.0|SAN MARTIN LAS FLORES|
!|7|9|470|999999|199901|3|0|R|0|0|100.0|SAN ISIDRO|
!|7|9|472|999999|199901|3|0|R|0|10|100.0|EL PITAYO (GUAMUCHAL)|
!|7|9|473|999999|199901|3|0|R|0|6|100.0|EL PROGRESO|
!|7|9|474|999999|199901|3|0|R|0|2|100.0|ITALIA|
!|7|9|475|999999|199901|3|0|R|0|2|100.0|SOLO DIOS|
!|7|9|476|999999|199901|3|0|R|0|3|100.0|SANTA RITA|
!|7|9|478|999999|199901|3|0|R|0|1|100.0|LAS ANIMAS|
!|7|9|480|999999|199901|3|0|R|0|0|100.0|COSTA BELLA|
!|7|9|481|999999|199901|3|0|R|0|4|100.0|LAS MARGARITAS|
!|7|9|482|999999|199901|3|0|R|0|0|100.0|SAN PEDRO|
!|7|9|491|999999|199901|3|0|R|0|1|100.0|EL PALENQUE|
!|7|9|492|999999|199901|3|0|R|0|4|100.0|LAS LOMITAS|
!|7|9|493|999999|199901|3|0|R|0|3|100.0|EL LAUREL|
!|7|9|494|999999|199901|3|0|R|0|3|100.0|EL PORVENIR|
!|7|9|497|999999|199901|3|0|R|0|1|100.0|EL VAINILLO|
!|7|9|499|999999|199901|3|0|R|0|0|100.0|SANTA ELENA|
!|7|9|503|999999|199901|3|0|R|0|48|100.0|LAS MARAVILLAS|
!|7|9|504|999999|199901|3|0|R|0|15|100.0|LA LIBERTAD|
!|7|9|505|999999|199901|3|0|R|0|12|100.0|LOS TAMARINDOS|
!|7|9|508|999999|199901|3|0|R|0|0|100.0|SAN PABLO|
!|7|9|509|999999|199901|3|0|R|0|51|100.0|AGUA DULCE|
!|7|9|511|999999|199901|3|0|R|0|10|100.0|LOS COCOS|
!|7|9|512|999999|199901|3|0|R|0|3|100.0|SIN NOMBRE (EMILIO GUTIERREZ)|
!|7|9|514|999999|199901|3|0|R|0|2|100.0|CUATRO CAMINOS|
!|7|9|515|999999|199901|3|0|R|0|10|100.0|EL PROFESOR|
!|7|9|516|999999|199901|3|0|R|0|0|100.0|LAS MARAVILLAS|
!|7|9|517|999999|199901|3|0|R|0|2|100.0|SIN PENSAR|
!|7|9|518|999999|199901|3|0|R|0|0|100.0|LA HISTORIA (CASA DEL EJIDO)|
!|7|9|520|999999|199901|3|0|R|0|7|100.0|EL PARAISO|
!|7|9|521|999999|199901|3|0|R|0|4|100.0|LA HUASTECA|
!|7|9|522|999999|199901|3|0|R|0|3|100.0|SAN FERNANDO|
!|7|9|523|999999|199901|3|0|R|0|0|100.0|MONTE VERDE|
!|7|9|525|999999|199901|3|0|R|0|1|100.0|LA HERRADURA|
!|7|9|527|999999|199901|3|0|R|0|0|100.0|EL ARENAL|
!|7|9|529|999999|199901|3|0|R|0|6|100.0|EL DANUBIO|
!|7|9|530|999999|199901|3|0|R|0|7|100.0|SAN JOSE|
!|7|9|531|999999|199901|3|0|R|0|2|100.0|SANTA ISABEL|
!|7|9|532|999999|199901|3|0|R|0|0|100.0|EL ROBLE|
!|7|9|533|999999|199901|3|0|R|0|0|100.0|LA GUADALUPANA (LAS CRUCECITAS)|
!|7|9|534|999999|199901|3|0|R|0|0|100.0|EL SALVADOR|
!|7|9|536|999999|199901|3|0|R|0|6|100.0|COSTA RICA|
!|7|9|537|999999|199901|3|0|R|0|0|100.0|LOS LAURELES|
!|7|9|538|999999|199901|3|0|R|0|12|100.0|EL ARBOLITO|
!|7|9|539|999999|199901|3|0|R|0|4|100.0|LA PRIMAVERA|
!|7|9|541|999999|199901|3|0|R|0|0|100.0|EL SAUCE|
!|7|9|543|999999|199901|3|0|R|0|0|100.0|EL PERU|
!|7|9|544|999999|199901|3|0|R|0|2|100.0|SAN ANTONIO|
!|7|9|545|999999|199901|3|0|R|0|4|100.0|SAN ANDRES|
!|7|9|546|999999|199901|3|0|R|0|2|100.0|VISTAHERMOSA (EL MATOCHO)|
!|7|9|549|999999|199901|3|0|R|0|4|100.0|EL CUERO|
!|7|9|551|999999|199901|3|0|R|0|9|100.0|LA ESPERANZA|
!|7|9|552|999999|199901|3|0|R|0|19|100.0|EL PORVENIR|
!|7|9|553|999999|199901|3|0|R|0|13|100.0|SAN RAMON|
!|7|9|558|999999|199901|3|0|R|0|5|100.0|EL RECUERDO|
!|7|9|562|999999|199901|3|0|R|0|0|100.0|EL RINCON|
!|7|9|565|999999|199901|3|0|R|0|7|100.0|SAN LUIS|
!|7|9|567|999999|199901|3|0|R|0|6|100.0|JARDINES DE SAN PEDRO|
!|7|9|577|999999|199901|3|0|R|0|0|100.0|EL BOSQUE UNO|
!|7|9|582|999999|199901|3|0|R|0|3|100.0|LAS FLORES DEL RETIRO|
!|7|9|583|999999|199901|3|0|R|0|2|100.0|SAN FELIPE|
!|7|9|585|999999|199901|3|0|R|0|13|100.0|LA PAZ|
!|7|9|590|999999|199901|3|0|R|0|3|100.0|SAN ANTONIO|
!|7|9|592|999999|199901|3|0|R|0|2|100.0|EL CARMEN|
!|7|9|593|999999|199901|3|0|R|0|3|100.0|LAS DELICIAS|
!|7|9|594|999999|199901|3|0|R|0|0|100.0|LA  RESERVA (LA GRANJA)|
!|7|9|595|999999|199901|3|0|R|0|1|100.0|GUADALUPE|
!|7|9|596|999999|199901|3|0|R|0|9|100.0|EL CRONOMETRO (PALMA SOLA)|
!|7|9|597|999999|199901|3|0|R|0|0|100.0|EL PALMAR|
!|7|9|598|999999|199901|3|0|R|0|5|100.0|LA ROSITA (EL CARMEN)|
!|7|9|599|999999|199901|3|0|R|0|7|100.0|SANTA BRIGIDA|
!|7|9|600|999999|199901|3|0|R|0|0|100.0|EL AMATILLO|
!|7|9|601|999999|199901|3|0|R|0|4|100.0|SAN PEDRO|
!|7|9|602|999999|199901|3|0|R|0|7|100.0|LAS ANIMAS|
!|7|9|603|999999|199901|3|0|R|0|4|100.0|EL PLAYAL (EL ARENAL)|
!|7|9|604|999999|199901|3|0|R|0|0|100.0|EL CARMEN|
!|7|9|605|999999|199901|3|0|R|0|0|100.0|EL CARNERO|
!|7|9|606|999999|199901|3|0|R|0|3|100.0|LAS CAROLINAS|
!|7|9|607|999999|199901|3|0|R|0|0|100.0|LOS CEIBOS|
!|7|9|608|999999|199901|3|0|R|0|4|100.0|LOS CHAHUITES|
!|7|9|609|999999|199901|3|0|R|0|4|100.0|CHICOZAPOTAL|
!|7|9|610|999999|199901|3|0|R|0|4|100.0|SIN PENSAR|
!|7|9|612|999999|199901|3|0|R|0|4|100.0|EL DESTINO|
!|7|9|613|999999|199901|3|0|R|0|3|100.0|EL DIAMANTE|
!|7|9|614|999999|199901|3|0|R|0|3|100.0|EL DIAMANTE|
!|7|9|616|999999|199901|3|0|R|0|4|100.0|EL ENGA헲|
!|7|9|617|999999|199901|3|0|R|0|0|100.0|LAS ESPERANZAS|
!|7|9|618|999999|199901|3|0|R|0|1|100.0|LA ESPERANZA|
!|7|9|619|999999|199901|3|0|R|0|6|100.0|LA ESPERANZA|
!|7|9|620|999999|199901|3|0|R|0|0|100.0|EL GUAMUCHE|
!|7|9|621|999999|199901|3|0|R|0|4|100.0|SIN NOMBRE (GUILLERMO RAMOS)|
!|7|9|622|999999|199901|3|0|R|0|0|100.0|LA ILUSION|
!|7|9|623|999999|199901|3|0|R|0|4|100.0|ITURBE|
!|7|9|624|999999|199901|3|0|R|0|3|100.0|EL JESUS|
!|7|9|625|999999|199901|3|0|R|0|5|100.0|LOMITA DE TIERRA|
!|7|9|626|999999|199901|3|0|R|0|2|100.0|LOCALIDAD SIN NOMBRE (JUAN ANTONIO ITURBIDE CASTILLEJOS)|
!|7|9|627|999999|199901|3|0|R|0|0|100.0|LA LADERA|
!|7|9|628|999999|199901|3|0|R|0|0|100.0|LOS LAURELES|
!|7|9|629|999999|199901|3|0|R|0|11|100.0|LOS LAURELES|
!|7|9|630|999999|199901|3|0|R|0|5|100.0|LA LECHUGUILLA|
!|7|9|631|999999|199901|3|0|R|0|5|100.0|LOS MANGOS|
!|7|9|632|999999|199901|3|0|R|0|0|100.0|LUCITANIA|
!|7|9|633|999999|199901|3|0|R|0|6|100.0|LUCITANIA DOS|
!|7|9|634|999999|199901|3|0|R|0|0|100.0|SIN NOMBRE (LUIS HERNANDEZ)|
!|7|9|635|999999|199901|3|0|R|0|1|100.0|EL SAUCE|
!|7|9|637|999999|199901|3|0|R|0|0|100.0|LOCALIDAD SIN NOMBRE (ALBERTO GONZALEZ)|
!|7|9|638|999999|199901|3|0|R|0|1|100.0|EL COCO (EL OJO DE AGUA)|
!|7|9|639|999999|199901|3|0|R|0|6|100.0|LAS MA헤NITAS|
!|7|9|640|999999|199901|3|0|R|0|11|100.0|LAS MARAVILLAS|
!|7|9|641|999999|199901|3|0|R|0|3|100.0|LAS MARIITAS|
!|7|9|642|999999|199901|3|0|R|0|2|100.0|EL MARACAIBO|
!|7|9|643|999999|199901|3|0|R|0|0|100.0|SIN NOMBRE (MARIYITA CASTILLEJOS)|
!|7|9|644|999999|199901|3|0|R|0|7|100.0|LA MEDIA VUELTA|
!|7|9|645|999999|199901|3|0|R|0|0|100.0|LA GALERA|
!|7|9|646|999999|199901|3|0|R|0|4|100.0|SAN PEDRO|
!|7|9|648|999999|199901|3|0|R|0|2|100.0|LA NUEVA ESPERANZA|
!|7|9|649|999999|199901|3|0|R|0|9|100.0|EL OCOTON|
!|7|9|650|999999|199901|3|0|R|0|0|100.0|LOCALIDAD SIN NOMBRE (OSCAR GUTIERREZ)|
!|7|9|651|999999|199901|3|0|R|0|4|100.0|EL PARAISO|
!|7|9|652|999999|199901|3|0|R|0|7|100.0|LA PIEDAD|
!|7|9|653|999999|199901|3|0|R|0|5|100.0|LOS POCITOS|
!|7|9|654|999999|199901|3|0|R|0|2|100.0|FRACCION EL PORVENIR|
!|7|9|655|999999|199901|3|0|R|0|0|100.0|LA ESTANCIA|
!|7|9|656|999999|199901|3|0|R|0|6|100.0|EL PUENTE ROTO|
!|7|9|657|999999|199901|3|0|R|0|5|100.0|EL RAMAL|
!|7|9|659|999999|199901|3|0|R|0|1|100.0|RANCHO NUEVO|
!|7|9|660|999999|199901|3|0|R|0|6|100.0|RANCHO SOLO|
!|7|9|661|999999|199901|3|0|R|0|0|100.0|RAYO DE PLATA (EL CARMEN)|
!|7|9|662|999999|199901|3|0|R|0|0|100.0|EL RECUERDO|
!|7|9|663|999999|199901|3|0|R|0|0|100.0|EL REFUGIO|
!|7|9|664|999999|199901|3|0|R|0|0|100.0|CORRAL DE LA REJEGUERIA|
!|7|9|666|999999|199901|3|0|R|0|3|100.0|SAN ANTONIO|
!|7|9|667|999999|199901|3|0|R|0|2|100.0|SAN ANTONIO|
!|7|9|668|999999|199901|3|0|R|0|3|100.0|SAN BARTOLO|
!|7|9|669|999999|199901|3|0|R|0|0|100.0|SAN FELIPE|
!|7|9|670|999999|199901|3|0|R|0|0|100.0|SAN FRANCISCO|
!|7|9|671|999999|199901|3|0|R|0|7|100.0|SAN FRANCISCO|
!|7|9|672|999999|199901|3|0|R|0|0|100.0|SAN JACINTO|
!|7|9|673|999999|199901|3|0|R|0|0|100.0|SAN JESUS (MONTE CRISTO)|
!|7|9|674|999999|199901|3|0|R|0|0|100.0|SIN NOMBRE (JOEL RODRIGUEZ FLORES)|
!|7|9|675|999999|199901|3|0|R|0|5|100.0|SAN JUAN|
!|7|9|676|999999|199901|3|0|R|0|0|100.0|SAN JUAN|
!|7|9|677|999999|199901|3|0|R|0|4|100.0|SAN RAFAEL|
!|7|9|679|999999|199901|3|0|R|0|0|100.0|SAN VICENTE|
!|7|9|680|999999|199901|3|0|R|0|3|100.0|SANTA CATALINA|
!|7|9|681|999999|199901|3|0|R|0|7|100.0|SANTA ELENA|
!|7|9|682|999999|199901|3|0|R|0|0|100.0|SANTA ELVIRA|
!|7|9|683|999999|199901|3|0|R|0|5|100.0|SANTA ISABEL|
!|7|9|684|999999|199901|3|0|R|0|8|100.0|SAN ANTONIO|
!|7|9|685|999999|199901|3|0|R|0|0|100.0|EL PORTILLO|
!|7|9|686|999999|199901|3|0|R|0|5|100.0|LA CEIBA (SAN FRANCISCO)|
!|7|9|687|999999|199901|3|0|R|0|0|100.0|EL CENTENARIO (EL SESENTA Y DOS)|
!|7|9|688|999999|199901|3|0|R|0|2|100.0|LOCALIDAD SIN NOMBRE (GENARO SANTIAGO)|
!|7|9|689|999999|199901|3|0|R|0|4|100.0|LOCALIDAD SIN NOMBRE (ANTONIO DOMINGUEZ)|
!|7|9|690|999999|199901|3|0|R|0|5|100.0|LA SOLEDAD|
!|7|9|691|999999|199901|3|0|R|0|4|100.0|EL SUSPIRO|
!|7|9|692|999999|199901|3|0|R|0|8|100.0|LOS TAMARINDOS|
!|7|9|694|999999|199901|3|0|R|0|3|100.0|LOCALIDAD SIN NOMBRE (AUREA GALLEGO DE TRUJILLO)|
!|7|9|695|999999|199901|3|0|R|0|6|100.0|EL TRIUNFO|
!|7|9|697|999999|199901|3|0|R|0|0|100.0|LA VELADORA|
!|7|9|698|999999|199901|3|0|R|0|3|100.0|AGUA DULCE|
!|7|9|699|999999|199901|3|0|R|0|0|100.0|LAS ADAS (SAN CARLOS)|
!|7|9|700|999999|199901|3|0|R|0|0|100.0|LOCALIDAD SIN NOMBRE (ALBERTO FLORES OCA헤)|
!|7|9|701|999999|199901|3|0|R|0|0|100.0|UXMAL|
!|7|9|702|999999|199901|3|0|R|0|0|100.0|LOCALIDAD SIN NOMBRE (HUMBERTO MU헬Z)|
!|7|9|703|999999|199901|3|0|R|0|35|100.0|NUEVO COLOSIO|
!|7|9|704|999999|199901|3|0|R|0|7|100.0|EL RUBI|
!|7|9|705|999999|199901|3|0|R|0|0|100.0|LOS SAUCES (EL QUINTO)|
!|7|9|706|999999|199901|3|0|R|0|0|100.0|EL SUSPIRO|
!|7|9|707|999999|199901|3|0|R|0|5|100.0|TIERRA BLANCA|
!|7|9|708|999999|199901|3|0|R|0|22|100.0|LA ALIANZA|
!|7|9|709|999999|199901|3|0|R|0|0|100.0|LOS AMORES|
!|7|9|710|999999|199901|3|0|R|0|6|100.0|LOS DOS ANGELES|
!|7|9|711|999999|199901|3|0|R|0|3|100.0|EL BRASIL|
!|7|9|712|999999|199901|3|0|R|0|0|100.0|EL CARMEN|
!|7|9|713|999999|199901|3|0|R|0|0|100.0|LA CEIBA|
!|7|9|714|999999|199901|3|0|R|0|4|100.0|EL DESTINO|
!|7|9|715|999999|199901|3|0|R|0|0|100.0|LA ESPERANZA|
!|7|9|716|999999|199901|3|0|R|0|2|100.0|LA ESPERANZA|
!|7|9|717|999999|199901|3|0|R|0|6|100.0|EL FAISAN DOS|
!|7|9|718|999999|199901|3|0|R|0|0|100.0|EL RAYANAL|
!|7|9|720|999999|199901|3|0|R|0|8|100.0|LA MERCED|
!|7|9|721|999999|199901|3|0|R|0|4|100.0|LAS PALOMAS|
!|7|9|722|999999|199901|3|0|R|0|4|100.0|LAS PILDORAS|
!|7|9|723|999999|199901|3|0|R|0|2|100.0|EL PORVENIR|
!|7|9|724|999999|199901|3|0|R|0|3|100.0|EL RECUERDO|
!|7|9|725|999999|199901|3|0|R|0|0|100.0|EL REGALO|
!|7|9|726|999999|199901|3|0|R|0|5|100.0|SAN ANTONIO|
!|7|9|727|999999|199901|3|0|R|0|5|100.0|SAN JOAQUIN|
!|7|9|728|999999|199901|3|0|R|0|5|100.0|SAN JUDITAS|
!|7|9|729|999999|199901|3|0|R|0|0|100.0|SANTA CLARA|
!|7|9|730|999999|199901|3|0|R|0|0|100.0|LOCALIDAD SIN NOMBRE (AGRIPINO MARROQUIN DE PAZ)|
!|7|9|731|999999|199901|3|0|R|0|0|100.0|SIN NOMBRE (ANGEL ZAVALA PEREZ)|
!|7|9|732|999999|199901|3|0|R|0|0|100.0|SIN NOMBRE (MARCELINO LOPEZ)|
!|7|9|733|999999|199901|3|0|R|0|4|100.0|TRES HERMANOS|
!|7|9|734|999999|199901|3|0|R|0|5|100.0|TRES POTRILLOS|
!|7|9|735|999999|199901|3|0|R|0|0|100.0|LOS TULIPANES|
!|7|9|736|999999|199901|3|0|R|0|0|100.0|EL VERGEL|
!|7|9|737|999999|199901|3|0|R|0|1|100.0|LA ESPERANZA|
!|7|9|738|999999|199901|3|0|R|0|1|100.0|LOCALIDAD SIN NOMBRE (GLORIA MOGUEL)|
!|7|9|739|999999|199901|3|0|R|0|0|100.0|EL GUAPINOL|
!|7|9|740|999999|199901|3|0|R|0|0|100.0|EL HIGUITO|
!|7|9|741|999999|199901|3|0|R|0|10|100.0|LOS LIMONCITOS|
!|7|9|742|999999|199901|3|0|R|0|2|100.0|LOS MANGOS|
!|7|9|743|999999|199901|3|0|R|0|6|100.0|SALTO CHICO|
!|7|9|744|999999|199901|3|0|R|0|3|100.0|SAN ANTONIO|
!|7|9|745|999999|199901|3|0|R|0|4|100.0|SAN VICENTE|
!|7|9|751|999999|200502|3|0|R|0|0|100.0|LA CEIBA|
!|7|9|752|999999|200502|3|0|R|0|0|100.0|EBEN EZER|
!|7|9|753|999999|200502|3|0|R|0|0|100.0|LOCALIDAD SIN NOMBRE (ANDRES)|
!|7|9|754|999999|200502|3|0|R|0|0|100.0|LOCALIDAD SIN NOMBRE (JAVIER ALEMAN CASTILLEJOS)|
!|7|9|755|999999|200502|3|0|R|0|0|100.0|LOCALIDAD SIN NOMBRE (JESUS LLAVEN TOLEDO)|
!|7|9|756|999999|200502|3|0|R|0|0|100.0|LOCALIDAD SIN NOMBRE (JORGE GONZALEZ)|
!|7|9|757|999999|200502|3|0|R|0|0|100.0|LOCALIDAD  SIN NOMBRE (JOSE DOMINGO PASCACIO PEREZ)|
!|7|9|758|999999|200502|3|0|R|0|0|100.0|LOCALIDAD SIN NOMBRE (LUCILA GIRON)|
!|7|9|759|999999|199901|3|0|R|0|0|100.0|MALPASO|
!|7|9|760|999999|200502|3|0|R|0|0|100.0|RANCHO NUEVO|
!|7|9|761|999999|200502|3|0|R|0|0|100.0|LAS TEJERIAS|
!|7|9|762|999999|200502|3|0|R|0|0|100.0|LOCALIDAD SIN NOMBRE|
!|7|9|763|999999|200502|3|0|R|0|0|100.0|LOCALIDAD SIN NOMBRE|
!|7|9|764|999999|200502|3|0|R|0|0|100.0|LA NUEVA CONCEPCION|
!|7|9|765|999999|200502|3|0|R|0|0|100.0|SAN FELIPE DOS|
!|7|9|766|999999|200502|3|0|R|0|0|100.0|EL TOTOPOSTE|
!|7|9|767|999999|200502|3|0|R|0|0|100.0|EL ROBLE DOS|
!|7|9|9001|999999|200503|3|0|R|0|0|100.0|LAS AZUCENAS|
!|7|10|0|999999|199901|2|0|U|0|6673|60.0|BEJUCAL DE OCAMPO|
!|7|10|1|999999|199901|2|0|R|0|245|60.0|BEJUCAL DE OCAMPO|
!|7|10|2|999999|199901|2|0|R|0|363|60.0|LOS AGUACATALES|
!|7|10|3|999999|199901|2|0|R|0|167|60.0|BUENAVISTA|
!|7|10|4|999999|199901|2|0|R|0|339|60.0|EL CERCADILLO|
!|7|10|5|999999|199901|2|0|R|0|148|60.0|JUSTO SIERRA|
!|7|10|6|999999|199901|2|0|R|0|532|60.0|LA LAGUNA|
!|7|10|7|999999|199901|2|0|R|0|513|60.0|OJO DE AGUA GRANDE|
!|7|10|9|999999|199901|2|0|R|0|556|60.0|EL PINO|
!|7|10|10|999999|199901|2|1|R|0|225|60.0|LAS TABLAS|
!|7|10|11|999999|199901|2|0|R|0|211|60.0|LA NUEVA LIBERTAD|
!|7|10|12|999999|199901|2|0|R|0|581|60.0|REFORMA|
!|7|10|13|999999|199901|2|0|R|0|29|60.0|PALMAR CHIQUITO|
!|7|10|15|999999|199901|2|1|R|0|194|60.0|EL CABALLETE|
!|7|10|16|999999|199901|2|0|R|0|25|60.0|LA CALERA|
!|7|10|17|999999|199901|2|0|R|0|354|60.0|EL MOLINO|
!|7|10|18|999999|199901|2|0|R|0|137|60.0|NUEVO PARRALITO|
!|7|10|19|999999|200414|2|0|R|0|855|60.0|OJO DE AGUA CENTRO (OJO DE AG㏏TA)|
!|7|10|20|999999|199901|2|0|R|0|170|60.0|LAS PILAS DEL SICIL|
!|7|10|26|999999|199901|2|0|R|0|208|60.0|LA HACIENDA|
!|7|10|27|999999|199901|2|0|R|0|129|60.0|ALTAMIRANO|
!|7|10|28|999999|199901|2|0|R|0|83|60.0|LA SOLEDAD|
!|7|10|29|999999|199901|2|0|R|0|110|60.0|EL LIMON|
!|7|10|30|999999|199901|2|0|R|0|56|60.0|BARRIO NUEVO|
!|7|10|31|999999|199901|2|0|R|0|99|60.0|LAS PILAS DOS|
!|7|10|32|999999|199901|2|0|R|0|78|60.0|YALINCUN|
!|7|10|33|999999|199901|2|0|R|0|17|60.0|EL PORTAL|
!|7|10|34|999999|199901|2|0|R|0|24|60.0|PE헤 FLOR|
!|7|10|35|999999|199901|2|0|R|0|48|60.0|CRESTON DEL GALLO|
!|7|10|36|999999|199901|2|0|R|0|18|60.0|EL SABINAL|
!|7|10|37|999999|199901|2|0|R|0|17|60.0|BANDERAS|
!|7|10|38|999999|199901|2|0|R|0|5|60.0|SANTA MARIA|
!|7|10|39|999999|199901|2|0|R|0|9|60.0|RANCHO ESCONDIDO|
!|7|10|40|999999|199901|2|0|R|0|11|60.0|CAL Y CANTO|
!|7|10|41|999999|199901|2|0|R|0|117|60.0|EL PALMAR GRANDE|
!|7|10|9001|999999|200503|2|0|R|0|0|60.0|EL TRIUNFO|
!|7|11|0|999999|199901|2|0|U|0|18205|60.0|BELLA VISTA|
!|7|11|1|999999|199901|2|0|R|0|1131|60.0|BELLA VISTA|
!|7|11|2|999999|199901|2|0|R|0|285|60.0|ALLENDE|
!|7|11|3|999999|199901|2|0|R|0|373|60.0|CHEMIC|
!|7|11|4|999999|199901|2|0|R|0|1185|60.0|EMILIANO ZAPATA|
!|7|11|5|999999|199901|2|0|R|0|474|60.0|LA HACIENDA|
!|7|11|6|999999|199901|2|0|R|0|228|60.0|LA LAGUNA|
!|7|11|7|999999|199901|2|0|R|0|257|60.0|LA NORIA|
!|7|11|8|999999|199901|2|1|R|0|282|60.0|LAS NUBES|
!|7|11|9|999999|199901|2|0|R|0|285|60.0|NUEVO YUCATAN|
!|7|11|10|999999|199901|2|0|R|0|19|60.0|OJO DE AGUA CAMPANA|
!|7|11|11|999999|199901|2|0|R|0|909|60.0|NUEVO PACAYAL (ZAPOTE)|
!|7|11|12|999999|199901|2|0|R|0|392|60.0|PACAYAL VIEJO|
!|7|11|13|999999|199901|2|0|R|0|382|60.0|EL PLATANAR|
!|7|11|14|999999|199901|2|0|R|0|948|60.0|EL PROGRESO|
!|7|11|15|999999|199901|2|0|R|0|992|60.0|LA RINCONADA|
!|7|11|16|999999|199901|2|0|R|0|1038|60.0|SAN JOSE LAS CHICHARRAS|
!|7|11|17|999999|199901|2|0|R|0|340|60.0|SAN JUAN PROGRESO|
!|7|11|18|999999|199901|2|0|R|0|96|60.0|LAS TABLAS|
!|7|11|19|999999|199901|2|0|R|0|1253|60.0|LAS CHICHARRAS|
!|7|11|20|999999|199901|2|0|R|0|658|60.0|UNION PROGRESO|
!|7|11|21|999999|199901|2|0|R|0|272|60.0|ZARAGOZA|
!|7|11|22|999999|199901|2|0|R|0|365|60.0|LAS FLORES|
!|7|11|23|999999|199901|2|0|R|0|140|60.0|LOS POCITOS|
!|7|11|24|999999|199901|2|0|R|0|147|60.0|CUEVA DEL ARCO (EL OASIS)|
!|7|11|25|999999|199901|2|0|R|0|235|60.0|EL CABALLETE|
!|7|11|26|999999|199901|2|0|R|0|142|60.0|LA CA헤DA|
!|7|11|27|999999|199901|2|0|R|0|2|60.0|MONTE FLORIDO|
!|7|11|28|999999|199901|2|0|R|0|157|60.0|PUENTE CARRANZA|
!|7|11|30|999999|199901|2|0|R|0|25|60.0|EL ZAPOTAL|
!|7|11|32|999999|199901|2|1|R|0|112|60.0|CABALLO BLANCO|
!|7|11|34|999999|199901|2|0|R|0|160|60.0|MINERVA|
!|7|11|36|999999|199901|2|0|R|0|83|60.0|LA MESILLA|
!|7|11|38|999999|199901|2|0|R|0|85|60.0|EL BOJONAL|
!|7|11|39|999999|199901|2|0|R|0|412|60.0|CARDENAS OJO DE AGUA|
!|7|11|43|999999|199901|2|0|R|0|68|60.0|EL VERGEL LA RINCONADA|
!|7|11|46|999999|199901|2|0|R|0|31|60.0|ESMERALDA EL RECUERDO|
!|7|11|51|999999|199901|2|0|R|0|979|60.0|LA INDEPENDENCIA|
!|7|11|53|999999|199901|2|0|R|0|168|60.0|LA LUCHA|
!|7|11|55|999999|199901|2|0|R|0|10|60.0|MALPASO|
!|7|11|59|999999|199901|2|0|R|0|20|60.0|EL TARRAL|
!|7|11|60|999999|199901|2|0|R|0|80|60.0|EL PLAN|
!|7|11|63|999999|199901|2|0|R|0|257|60.0|VEINTE DE NOVIEMBRE|
!|7|11|64|999999|199901|2|0|R|0|72|60.0|TRES PICOS|
!|7|11|70|999999|199901|2|0|R|0|149|60.0|LA LAGUNA|
!|7|11|71|999999|199901|2|0|R|0|28|60.0|EL BOQUERON|
!|7|11|72|999999|199901|2|0|R|0|0|60.0|MONTEVIDEO|
!|7|11|73|999999|199901|2|0|R|0|101|60.0|OJO DE AGUA|
!|7|11|74|999999|199901|2|0|R|0|57|60.0|LA PINADITA|
!|7|11|75|999999|199901|2|0|R|0|4|60.0|EL PLATANARCITO|
!|7|11|76|999999|199901|2|0|R|0|18|60.0|LOS ARROYOS|
!|7|11|78|999999|199901|2|0|R|0|35|60.0|OJO DE AGUA EL PALMAR|
!|7|11|79|999999|199901|2|0|R|0|14|60.0|NUEVA IRLANDA|
!|7|11|81|999999|199901|2|0|R|0|14|60.0|EL POZOLERO|
!|7|11|82|999999|199901|2|0|R|0|121|60.0|LA LUCHA SAN MARCOS|
!|7|11|83|999999|199901|2|0|R|0|209|60.0|GUADALUPE|
!|7|11|84|999999|199901|2|0|R|0|142|60.0|MONTE FLOR|
!|7|11|85|999999|199901|2|0|R|0|2|60.0|SINTULAR|
!|7|11|88|999999|199901|2|0|R|0|11|60.0|LOMA DEL OCOTE|
!|7|11|89|999999|199901|2|1|R|0|100|60.0|LOS POCITOS|
!|7|11|91|999999|199901|2|0|R|0|17|60.0|PUENTE JUAREZ|
!|7|11|94|999999|199901|2|0|R|0|20|60.0|EL CHILAR|
!|7|11|95|999999|199901|2|0|R|0|0|60.0|LA AVANZADA|
!|7|11|97|999999|199901|2|0|R|0|0|60.0|BUENAVISTA|
!|7|11|99|999999|199901|2|0|R|0|0|60.0|CONSTANCIA|
!|7|11|100|999999|199901|2|0|R|0|8|60.0|SALTILLO|
!|7|11|101|999999|199901|2|0|R|0|151|60.0|EL CEDRO|
!|7|11|103|999999|199901|2|0|R|0|124|60.0|BUENAVISTA|
!|7|11|105|999999|199901|2|0|R|0|175|60.0|LIBERTAD LA FUENTE|
!|7|11|106|999999|199901|2|0|R|0|321|60.0|SAN ANTONIO|
!|7|11|107|999999|199901|2|0|R|0|59|60.0|PASO LIMON|
!|7|11|108|999999|199901|2|0|R|0|22|60.0|TIERRA COLORADA|
!|7|11|110|999999|199901|2|0|R|0|150|60.0|LOS LAGOS|
!|7|11|111|999999|199901|2|0|R|0|94|60.0|EL SABINALITO|
!|7|11|112|999999|199901|2|0|R|0|344|60.0|CUATRO CAMINOS|
!|7|11|113|999999|199901|2|0|R|0|166|60.0|GUADALUPE|
!|7|11|114|999999|200502|2|0|R|0|0|60.0|LOCALIDAD SIN NOMBRE|
!|7|11|115|999999|199901|2|0|R|0|0|60.0|SAN FRANCISCO|
!|7|11|116|999999|200422|2|0|R|0|0|60.0|NUEVA ESTRELLA|
!|7|11|9001|999999|200503|2|0|R|0|0|60.0|EL CHORRO|
!|7|11|9002|999999|200503|2|0|R|0|0|60.0|LA DEMOCRACIA|
!|7|11|9003|999999|200503|2|0|R|0|0|60.0|LOS LLANITOS|
!|7|11|9004|999999|200503|2|0|R|0|0|60.0|NUEVA ESTRELLA|
!|7|11|9005|999999|200503|2|0|R|0|0|60.0|SAN MIGUEL|
!|7|12|0|999999|199901|2|0|U|0|28719|60.0|BERRIOZABAL|
!|7|12|1|999999|199901|2|0|U|0|19328|60.0|BERRIOZABAL|
!|7|12|4|999999|199901|2|0|R|0|12|60.0|ALSACIA|
!|7|12|7|999999|199901|2|0|R|0|0|60.0|BELEN|
!|7|12|8|999999|199901|2|0|R|0|303|60.0|BERLIN|
!|7|12|13|999999|199901|2|0|R|0|5|60.0|LA CABA헤|
!|7|12|15|999999|199901|2|0|R|0|8|60.0|EL CAIRO|
!|7|12|16|999999|199901|2|0|R|0|7|60.0|EL CALVARIO|
!|7|12|17|999999|199901|2|0|R|0|320|60.0|LAS CAMELIAS|
!|7|12|18|999999|199901|2|0|R|0|9|60.0|CANDELARIA|
!|7|12|20|999999|199901|2|0|R|0|2|60.0|EL CAPRICHO|
!|7|12|21|999999|199901|2|1|R|0|4|60.0|EL CARACOL|
!|7|12|22|999999|199901|2|0|R|0|51|60.0|EL CARMEN|
!|7|12|28|999999|199901|2|0|R|0|15|60.0|SANTA CRUZ (LAS CRUCES)|
!|7|12|30|999999|199901|2|0|R|0|153|60.0|LA NUEVA ESPERANZA|
!|7|12|32|999999|199901|2|0|R|0|80|60.0|EL DANUBIO|
!|7|12|35|999999|199901|2|0|R|0|10|60.0|DOLORES|
!|7|12|38|999999|199901|2|0|R|0|531|60.0|EFRAIN A. GUTIERREZ|
!|7|12|40|999999|199901|2|0|R|0|0|60.0|SANTA ROSA (LA FABRICA)|
!|7|12|42|999999|199901|2|0|R|0|9|60.0|FLOR DE CORAZON|
!|7|12|43|999999|199901|2|0|R|0|0|60.0|SAN ANTONIO (EL RECUERDO)|
!|7|12|50|999999|199901|2|0|R|0|0|60.0|LA GLORIA|
!|7|12|53|999999|199901|2|0|R|0|953|60.0|IGNACIO ZARAGOZA|
!|7|12|55|999999|199901|2|0|R|0|349|60.0|JOAQUIN MIGUEL GUTIERREZ (OJO DE AGUA)|
!|7|12|57|999999|199901|2|0|R|0|36|60.0|EL LIMON|
!|7|12|59|999999|199901|2|0|R|0|1214|60.0|LAS MARAVILLAS|
!|7|12|61|999999|199901|2|0|R|0|194|60.0|NUEVO MONTECRISTO|
!|7|12|64|999999|199901|2|0|R|0|8|60.0|MONTE TABOR|
!|7|12|66|999999|199901|2|0|R|0|6|60.0|EL OLIVO (GEYFER)|
!|7|12|69|999999|199901|2|0|R|0|94|60.0|EL PALMAR|
!|7|12|71|999999|199901|2|0|R|0|6|60.0|LAS PAMPAS|
!|7|12|72|999999|199901|2|0|R|0|10|60.0|PASO NARANJO|
!|7|12|75|999999|199901|2|0|R|0|0|60.0|LAS PE헤S|
!|7|12|76|999999|199901|2|0|R|0|18|60.0|SAN MARCOS|
!|7|12|81|999999|199901|2|0|R|0|16|60.0|LA PROVIDENCIA|
!|7|12|88|999999|199901|2|0|R|0|24|60.0|EL ROSARIO|
!|7|12|90|999999|199901|2|0|R|0|0|60.0|EL SABINO|
!|7|12|91|999999|199901|2|0|R|0|406|60.0|EL SABINO|
!|7|12|93|999999|199901|2|0|R|0|91|60.0|SAN ANTONIO BOMBANO|
!|7|12|94|999999|199901|2|0|R|0|10|60.0|SAN FRANCISCO EL TUNEZ|
!|7|12|95|999999|199901|2|0|R|0|35|60.0|SAN FRANCISCO|
!|7|12|96|999999|199901|2|0|R|0|12|60.0|SAN ISIDRO|
!|7|12|98|999999|199901|2|0|R|0|27|60.0|SAN JOAQUIN|
!|7|12|101|999999|199901|2|0|R|0|20|60.0|SAN JUAN|
!|7|12|103|999999|199901|2|0|R|0|8|60.0|LA MONTA헤|
!|7|12|107|999999|199901|2|0|R|0|4|60.0|SANTA BARBARA|
!|7|12|109|999999|199901|2|0|R|0|46|60.0|SANTA INES BELLAVISTA|
!|7|12|110|999999|199901|2|0|R|0|5|60.0|SANTA ISABEL|
!|7|12|112|999999|199901|2|0|R|0|13|60.0|SANTA ROSA|
!|7|12|116|999999|199901|2|0|R|0|4|60.0|EL TEPEYAC|
!|7|12|117|999999|199901|2|0|R|0|28|60.0|EL TIROL|
!|7|12|119|999999|199901|2|0|R|0|12|60.0|BOMBANO TRES HERMANOS|
!|7|12|121|999999|199901|2|0|R|0|0|60.0|EL TRIUNFO|
!|7|12|123|999999|199901|2|0|R|0|2|60.0|EL TURIPACHE|
!|7|12|124|999999|199901|2|0|R|0|8|60.0|VERAPAZ|
!|7|12|128|999999|199901|2|0|R|0|12|60.0|EL OCOTE|
!|7|12|134|999999|199901|2|0|R|0|8|60.0|LINDAVISTA|
!|7|12|135|999999|199901|2|0|R|0|10|60.0|EL LIMON (EL JOBO)|
!|7|12|137|999999|199901|2|0|R|0|18|60.0|LA HERRADURA|
!|7|12|138|999999|199901|2|0|R|0|18|60.0|LOS ALTOS DE SAN JOSE (PALO ALTO)|
!|7|12|139|999999|199901|2|0|R|0|9|60.0|EL ZAPOTE|
!|7|12|140|999999|199901|2|0|R|0|44|60.0|LA LIBERTAD|
!|7|49|85|999999|200517|2|0|R|2|0|60.0|UNENALTIC I|
!|7|89|1020|999999|200517|3|0|R|0|0|100.0|FRONTERA 20 DE OCTUBRE|
!|7|64|156|999999|200517|2|0|R|0|0|60.0|NAVIL|
!|7|64|158|999999|200517|2|0|R|0|0|60.0|JUTUBA|
!|7|64|157|999999|200517|2|0|R|0|0|60.0|LA FRONTERA|
!|7|65|1378|999999|200517|3|0|R|0|0|100.0|ALIANZA|
!|7|19|569|999999|200520|3|0|U|4|2500|100.0|FRACCIONAMIENTO VIDA MEJOR JUAN SABINES GUERRERO|
!|7|26|171|999999|200604|2|0|R|2|0|60.0|XINICHILVO|
!|7|31|877|999999|200717|2|0|R|2|0|60.0|CRUCERO CANXANIL|
!|7|59|2991|999999|200717|3|0|R|2|0|100.0|LAS PE헤S|
!|7|59|3042|999999|200801|3|0|R|0|0|100.0|EL NACIMIENTO|
!|7|34|417|999999|200801|3|0|R|0|0|100.0|NUEVO SILTEPEC|
!|7|93|74|999999|200801|2|0|R|0|0|60.0|BAWITS|
!|7|64|172|999999|200717|2|0|R|0|0|60.0|MONTEBELLO|
!|7|78|192|999999|200801|3|0|R|0|0|100.0|NUEVO CORRAL CHEN EL ANGEL|
!|7|34|420|999999|200801|3|0|R|0|0|100.0|NUEVO MEXICALAPA|
!|7|64|160|999999|200801|2|0|R|0|0|60.0|YA'  AL OKIL|
!|7|15|196|999999|200801|3|0|R|0|0|100.0|LA PRIMAVERA|
!|7|13|185|999999|200801|2|0|R|0|0|60.0|NUEVA LIBERTAD|
!|7|32|322|999999|200901|2|0|R|0|137|60.0|4 DE OCTUBRE|
!|7|23|178|999999|200901|2|0|R|0|0|60.0|YUT UK'UM|
!|7|59|3045|999999|200901|3|0|R|0|0|100.0|BETEL|
!|7|34|416|999999|200901|3|0|R|0|0|100.0|RINCON EL CABALLAR|
!|7|112|38|999999|200917|3|0|R|0|0|100.0|AXULTIC|
"|7|112|37|999999|200901|3|0|R|0|0|100.0|TE'MASH|
!|7|12|744|999999|200901|2|0|R|0|0|60.0|SANTA INES BUENA VISTA|
!|7|1|204|999999|200917|2|0|R|0|154|60.0|SANTA ANITA|
!|7|23|176|999999|201017|2|0|R|0|0|60.0|JOLCHENTIK|
"|7|12|746|999999|201017|2|0|R|0|0|60.0|CIUDAD MAYA|
!|7|53|64|999999|201017|3|0|R|0|0|100.0|TIERRA Y LIBERTAD|
!|7|31|960|999999|201117|2|0|R|0|0|60.0|YOC'HA XHANAIL PRIMERA SECCION|
!|7|64|195|999999|201117|2|0|R|0|0|60.0|CENTRO TIAKIL SANTO TOMAS|
!|7|23|186|999999|201117|2|0|R|0|50|60.0|CALVARIO ALCOCH'EN|
!|7|51|1200|999999|201117|2|0|R|0|50|60.0|ESPERANZA DE COSTA RICA|
!|7|111|71|999999|201117|3|0|R|3|100|0.0|POTOBTIC BAJO|
